Numero,CUFE/CUDE
FPSE361,88c5318480f8dff8306acdc685f64e0a7f453131635317ccad161bf481b4beb473cb9df88d4f51e7857050bcd36d84e7
FPLS540,5dce93c07543105b916f1e6395acd59f5a1a078a4c9a1950cd75b846e23da6ba4b4659ef1ffc1ba1feab0c325409a1c5
FPSE412,d6506432bcf7352b44d523388d4d7e1bdb667b4b9c8bda6a78b0669f77fdb2cfb4d4246b8cff3134fd6a30d7659fe049
FPSE411,01523a47ea56a8f916613faed6a3bb13d2e51bcc3a2f2924c0c4f14957848b8baa59cdab33abb0a4da9c84e8e40f31f5
FPSE408,957fdf18f9689a801a44a1f601386b6f08122a0ab8f6f31eb619e6dbd444f3e5cc112c26eea41209cd03785054dfae9e
FPSE405,a79e2cba3a15f0a432d10c9c06a55cf776db20abbbc55dff124baa694c5dba2c02b6d65c4820c49c5357f0f7c2776602
FPLS454,9c2ade92f91564985441929022b6c514adc9934f5a45c0b422b785ff9de966106617991ff4dee832224d71301969c124
FPLS499,226a6c159d004d207354d04708b719067316fd6841db70c1578fbd868c076c47484edd426040b0120b738fcc48cce692
FPLS507,d44041f57d8acd07c052b5733fc025f075881e8daac8b75136a1f4f1e1a236409e2733f0f4fbb8318615ee6952d66f93
FPLS513,e39491df7e48f34b0706ebe3cf1bb27525d4efea62f64aea8b6da4c63fa65bf53a2eee42a29c9107c4d5183385a0166c
FPSE391,e6a926fef5990f3a5c07042af9cf4f276db63705e86d06013c858c356b559e366960400d3ac03f25fe9ce3e385a37f91
FPSE417,25cb47c64ae02068a6421ba89b747cb1c5cdac0281f8791b3fda940e70188aa1a7ef399a9b0aeafd4c4887a0af02d419
FPLS522,f44d58e42eb909c72a20d316b22e98429224f6adaa36bb5511241eface1c3f74eb8dae9df95ae47c9c9b402b3b18a9ae
FPSE362,4fcbb3ab8e20223ba9cd9e678abf8601c02530d14264bcc1205ae949f40dcd65ea2dfdefb58f6329dbf0bd3853bb7924
FPSE363,0cedc15813403123232656152634ad35a9e2c2179530f245fcbe1bbded68029a371a2a785333c7b2712bac776da8e24e
FPSE364,4f2293cccbc47bf4604d1b6040eff1dccf985567c3ac5c80d5ffe2eb2d3a8950e890fa8c3c060a8987bad5ab182d792e
FPSE366,726d213d274491dba97bef16f1529bfe5cb8d8699ef2ffcfcb8cbdf0e29ee51bd1f629bdbf2edfbfc0dc36fc7c125cf1
FPSE367,435575b1adc70e76396cd06441ff193abc27e298e5ad00473b842af824af8a1d07b38e98f0b65969d00e04f380b2d595
FPSE368,2a5a598ab54067cb756b6007b9a1b88fad0129eaa61c9a206b58a6503ca7d03b14b2caf26d1f9a2872506988dc075db8
FPSE369,cc79432e22dc4b8eaed9ed2c332d7308dfe2e31bd235a8c1442a9a132acc6a8146940ca4651beb08b71f7fc195686b13
FPSE370,b61ffeac412394c5d5c87e94709c39f3498b073ae3ffb78972889ef4f7beea755ff87a73becd3694a140e2d3c3474501
FPSE371,1ae5dd0c13cfc529055fb393ce3592418a0c5ef32a003260229c68de370e1fc1390a1fedc560ed6520a5d974a33937ac
FPSE372,52d05eee69a7b22be0c190f557c1d507b551a04c4de34f0ad6b7ffaae3ab974a4862784d22d3c19541095cdc4e876209
FPSE373,f4e7bcb125185f43cc2b8b5e70996613065a244607ddd548b3ffaa6e6e0896d98db35a592450bf28fcab2676a82ff038
FPSE374,e3537d34c09f5626f6cd4a873b8a8ea90c75e5e06a45be3912e875a2161e96cf43b60b43472817fa7810e6bfdc5371c6
FPSE375,094cf68b60db67dd611f5a7b296ed852dba9b508bf5931bdcbec66a20ee4013137b397c38a33d7b69dda827944a4a502
FPSE376,655c2a0a828e4eccdfeb9db0091c71d2715960e0ae13e6a10ee7d882854ebbd78c41862f8bd350c0fa67b04de943f420
FPSE377,002837c98356013d54c7d04c81e5e1e09cb162d56aa8eb037b6bf72f8f18481c94314867242c805c0ef1bbbe2e93951b
FPSE378,c5db352c35d9498f23b6ad1abcdb3b3e2ea4670bdf4cb6e892a409e0ea37592d5658e854ccc7446490385fab92092fb5
FPSE379,56b65cc3407bb8c606cc70e294ec933f97cdcdcf8535c8c63e67f9e5aa3a42e83ee1d85a14b372b092b5ac4c470d1135
FPSE380,2953c82fe103124847526496f85818e4c7a93b76b6cc50280d51940a98282cea391a8a87f71c8d503d5a031778a5706b
FPSE381,bedbc799aeee744d575eba5a5ac50d4f73aca806aa3d6c3134c01ba74a141e0ff533f1caf0eb759cb7f5c523b2436909
FPSE383,822defaaa2a1a97751299f038bdcd44c3def052a1e0d03090933d8a058d33197caecfb181c975af9547c447c59196f75
FPSE384,4d44dd2ede7c814bc6873f3d6037c5d765df6c647286f497acb035254b8d6ebab0ba7c16cb3a2f4e03ee061cf2472e38
FPSE386,9a297304d42c99b3139b315668b583c105f20cae04041dd14ac2860678d33924e28def4c0e373dc68233345ae9fe00a2
FPSE387,52e50d4418009ed949749fb7cfb75eb43474ef6830666b7e748497745bc4259b75389969e3942e03c67cbaa26fcc60a8
FPSE388,119e0f1a4b7c127c08c35751866fa0154bccb99d3567aaa3cf7022e4f798c88ab2a14ebec5d5f71e9b69dc56acef1c4b
FPSE382,6209e2d60a149433f2e5315015d413323003332845a67c42c28d48282a5f2587be7c0f3649ada8569afb5f5ebae01ff6
FPSE365,199ddb31b13ef3a520952eed6ed1ada2bc277d965428cfe67d807d35ea5840daff7a53d7d17800c8e33455fef1b51c63
FPSE389,c3f95bd9c36233e1f96fb013a2f420ecb3a8c909dead68d2d76bfc2ab9bfc9ece3d62af27f13f9a37b8ac897cb3bd28d
FPSE350,30ad5701e666f80b534ece4d3049fb501558b004766bfe0a3245cf7fcf731223333991b883c64132f51fa818d9a3a718
FPLS487,f7418ccc6bb993f6e44bc93a96db6bad3b88c78ffd983dd578ebcd90c5049f53e7957194f0a5f4a2fc26807ce5fd3360
FPSE339,0272f4f3ad2c4558a1013b12f9d28225531b697490ace66c8912a5e871b234e40f7a2d60345c39b1b6298dead92dce48
FPSE340,15850bdb4bf4a02673b1a95ff8d691afe3dc68ee13a764246aba6c8ca258fc588e1ffc0377554098dc0d0c4fb0a9683b
FPSE357,322d492adb441c77c1bd1fb4d531141fc41d1de5521691c954b38476387ea73860261f6a3cb6e92c8dab3d865bb6fa0e
FPLS486,3a1ec96339af4b8302ef71df69ba95d1b3b00de7d3543b4c12c1a5884b45491f38d5616ca067b7cd6af1eebe23099984
FPLS477,b2da0ed0099bbe76a0ebb71410d7b49424c7f120e5b9ce5dd0ac2879dd62f9f4654c6923d3338d057ded6a068f3c98f3
FPLS471,8394c80d7bb428665d75ed4bc011bec4ea2f9586e1ca1ca51a3f12557ef4c4c996b91fb0a6e0a59150d5de1ff844e7f3
FPLS493,d042d2cb241f6e556274fd5bf50c531e66d413a985b8101899d74d8c6c75a49d0875031e4fc5d2220ad6cc3b4571fcee
FPSE359,de8fd104b7378f844f5467fa049b70200e407f3fec0368bcff300fa876c3671f613af6dd7bc755b5c4fbedc28f89fb9c
FPLS492,679029b4bd3ccd4a4259d88826324fb4330c25bcbe8697b0953e3fd650c4ee4b5d26d8908e17c02e4334b14e92b31a0f
FPLS491,66601898d1b95c67839d794df1448626d265aef31e0499ca746580098bb9050693960fe4b228cd61cbf3d757a87a6f3c
FPLS489,97008f4f4a7d595c6a736526beac3310d2473c20198263743a499026e2ee20e38a194e46f1e00b896fa6fec1c3443b6a
FPLS490,aa604289a5dab91494bbf5f3e0a3acba509aa7fc3db45628e45a8ead5fcbd50423c095eafeee475007c9f948e7102da0
FPSE358,92736f6eb9731d2e7673f3b2b0c4282438f36eca576bb45a9342cf72dcb86111a03333ad8c4fb4a7cf4e07b5af59f27d
FPSE355,3f8c4abea10d4f2c078082f951240b0536f27a435abfeb411be0a232206bf19050d3dfa708c3272ffa15e5e5439df934
FPLS485,5ab7e65b85bbd9b34d3b8947b81a30cfe92d55484a5ffc14dd46d84a49981fdc0176ead4fbe0af907d5814d377012345
FPSE353,423f6f34557e5a97faa5cf9117db0e7c07287bf4ad05062988edaaa587e15e5b6cc0cb96d9fd73c0ba4446d6c3b22121
FPSE351,5501d9f313365b80a2bf66ef12e1aa247308405c3f38a47e610eb715bc9c2fb498f5ad36e78c00dbc2711f7ff57c4744
FPSE352,bb9030b2ee50268bc247440fbd5a67347e3c6cc3e2799291d693b0f8b546cc1cf5708c6557625a3b3f01139d74da3563
FPSE354,a2ee63b0356802bb9181d144b8a041556b5fd1333b2d3deab2847c10e761595ea8b6b6f35edf2fe0730c7b84477b6630
FPSE356,72b3c2a8f912af991245ad11d02216946f968a50fa0c4ec6e6260f86eb8da4d6e5f9f79f766ae1149a90cea91c2fcad0
FPLS488,0c8cefaecea4efcf63b05f5ae461817b541b811052f1fdfd6d60ab8bd54ffa773a7dfa47114994d3607bd391e127581e
FPLS481,ca505f8605b29017ba15a3fbdc7d963fdccd7197dd18da61554b65812968df0f6779f6798e6cf920868286791a946717
FPLS480,7c9dbcad8cba2cddaa53d909577c941ae7257029eb16fac324634f7b665b3a88e904a1838684bf61bf8b6b7f32f10494
FPLS479,5bd55b95e6abf360404bc621009bee45d4ff0517bba33d718a1cb26ecd6859ffa99b1be122b8a7e0c99dc9d3338bc3d7
FPLS483,32a920a8e2a6b1484e9eab47989925b8c6251ba2eacebfdc7254cd19eadd8c145ed188fc4d7d9c5ae4b7fd4979ddb879
FPLS484,6c68e3300b1a29e18a5223ca1777f4483763796b7e2b44bd89c17576235e76060eac1aaccd6cc2d66cc61d5a5a71ad37
FPLS482,95d1d274c48ac146090505c50d7dbd23de164ae34ff4814a7aaf62a80b84543b978c8162d8bfcadd3e7d7f5258875073
FPLS478,3c3ac5175b3bab250a89a8f8311852fe6e04fa84323b2bf7876979c224d00b851090f2fae349d8850f857317d6a4567c
FPSE349,5d95c3317814ad1f4f081f9018005454d5d2fcde2eb58a71cdae9740eb45860865904b9e9b428a9b962ef9ea4cd506e2
FPLS476,b455958121bc46e868fa7639ccc7e45bb23ac56cf320ffc747fddc7c3604d8730f59f67161cc5af9da26239ec41eef05
FPLS474,66a2ffb9849d384f5774f3e83168cdd69251b384004107c813afe658becf293774f6a3aff455deef435a2fc0cdfd0a8a
FPLS475,6adde0e83d0cfc2deea367f7633ff8fa3b00ae210e6b4a8d1ec08989739750a85c856c036bc45cf3eb6c2385f7572a2a
FPSE346,663f0c517b85f2d663543136c143e9f9fc84ed986748e3875e7530e0b77b1c78dbb9380f0fa52b0a5c7870c649ef4a12
FPSE345,587c3ab60574a71a3c03464329ec62df6bda32b1c9a0f018e60fa9e4989d4098eeb901a0a2795d6c7dd26eef7c169f28
FPSE347,e626471e5daf8e021b07ecba93d37cac47bffa1f20851904f4a75e2d27b7d806d90531e21ba0456850b22c8c46bdc50a
FPSE348,387ed5a0e6588b331063ba78716afcabdbc46009cd2992c931c3fa13f9a71f0c4c041e8c5166f44d8cf4cadf628b7d22
FPSE360,5707d9b68c573bb9ee7e7d865620907ff986c1a98138085d8a80d6abd3df0da325ad13db8a99ad5a23b070f35685340a
FPLS472,d00ebbac73238de3a46562e2468438193384dd81743d1cc1ca163cbb9af631d883355c4453158a00afc6d81d12a0fc38
FPLS473,63a3789cab047b8a619e3db4201bf8ff6bb2c4cbd65475c3133d497c1c4d747de6bddf98e076d5c916bffe24144e54c4
FPLS469,1257448c801ac8b1a84a462ea9c033884880739021076ea4d105f254ef743110ea3df581659ca5de412bec7db337ddf6
FPLS470,cb109b16bfaa367476ceccbd0a83e9fed0f1161dafc09c780ad8a0bed6843022a0da66106fec52bcc8772c01716c7f51
FPSE341,2ba31cbfdc65fbf8f78815341e1b298a96ab4f59959813c56665693cf9a426e4278f4f8d4d4ae2622523b6fb3475ec73
FPSE342,1968e06773f58b8d0d38bb0497c8f032765cc7eec52ab694c55a73ed80b9dc6965367cac6a4a0b7c4313b8f7fb3d6002
FPLS462,58369a8fbaadbc0f3ef7db046f821b4b37b710a32fcf93963fc26f2542420082c2e99082db32bafb204cd871ea93e590
FPLS467,44cfb0c539e83cbd3ed698fb689cfe648ab14d71aa4da95e7651b30578dfe7442982285d33a69a5ef52aa104f520fbd7
FPLS466,807c3a2fa8ba392e8f2bfe8d0f1c75653f237717711da3087ae7508fcf54e3ee82c4896cedfa0f7a61fa5003b11f01d2
FPLS465,487b7ad8fb3a14555cfc937cb7d4ac18b894c01310351d5031b70982c3182977710a2f1b6956ead8deb63a59e6d6f210
FPLS464,0cb8e5cc71c4363b93fc1deb04f48d1839f3e06e3f3eb4ab5f0c710d3896cdea875c1b88d080d44a817279028edcfa2b
FPLS463,8f6b8b61e2df2774abcc42ae4a4df1ba2ea2854b39afb3a00846f4e5018dd622edb42cd5920610c65c8fb12f57fea744
FPLS461,c9f4072dc17e0bd185b19b8081ab60c7ac0e974629fe1548829339006282a7a71272afc38de12ae90c3ee97a599d75cb
FPLS460,d0f6e3177f1e3ba8864f86fe877fef5422a9b1bf27949220dae49d6c16bbc2b6debe4e3453929ea7691e46e99410d1cb
FPLS459,db7a7ebff9bd323a92c36581a93043a7ee36037bee75ee71fda8f178d72bfa095d6c4876d8ca73fb888cad0d79ef2276
FPLS458,f41101023116ddcb65d162d2b98d0b23502052b1de72abf0274cd0667708d7c1b2d0ea6d0ec00c7b8a66c1bdd33793ac
FPLS457,032f3c4c5ff518566b1862b4b76f0f40f3f9cd6ba229bf0e29d48b03d0850a97fbfc5fbfc5e14b83e08e4607718a2e3d
FPLS456,e66ebca8ab73ffff2a6fd3f2af1258da6cacf17164a93af8558b412777e4ef17c55389340bde68403dc4c8e47bd6d325
FPLS455,9c2954bd186068d6f8f298ffb083255f7d1b76b7046f216d2ac3444ad5536d868da9ff5d002673526c4700ff03504564
FPLS453,5d531c980c3918bee3ca5655eec6ada40de65a7ec6f766e9d5022a56b4a42d23ddac35cdae202537eebc58b642a88da3
FPLS452,cb9c0c37d998e30a67b3ed3247b81cd09529eacca03de4a965c42932930d0048c05f195e12574158a0bbfeebe0787ad4
FPLS451,63ea8265e71125fc821ea7775e7d3fd31ef2ce3277f4e9b27908a58db6dfe28ac99dfa9965597e23b5e2d0f595043992
FPLS450,caa2772e10b93db73e07f38593199356f67ad16a36438feefed9d82b8cdca158cda65efccbfb00b156124a6fdc6c43df
FPLS449,1a46d9200941dbbf320330a15f45e9c12db6ae70e8a30e7db93bba0fd0cfe68c999f3077ff9e60894c8b1ac3d74dcff3
FPLS448,8ecb00b91e265f945f6444319c7950fdaed136138e6f6106d6cb738c8256d694baeb444f12b32ea95f89c72afa5c63b3
FPLS447,8def5d081e79e73dd971d60d51f64f7dadd4f8df474577783d53dc096bdc254a683971c8b095b7a42c0174b661627091
FPLS446,1536efb01483f3551b26cb0c42970c1c7c527a2346618eec8a8d6967b789b5b5ec7cea8d08db502428a0d01b857d77bd
FPLS445,97cfa1ce3728dcfdaa52b6e25c87fb21bf17b507a5decf518d9a4c1c88b2ce03eb34b3c5c697daf8c547708ab71dded4
FPLS444,001c5fa1bd911a9709af5ff4a61a4ef1be494b70435363fd42abcac2a5e1a4bfb8c332b2cc273362c98644bc683cefe7
FPLS443,c612fe340b67ecff8fd6cc9f286d14df2ca0fb31fb1b5b4073b99e20158164d80ebb49d6af7057aba9769e14c7d61939
FPLS442,f454a70defe789f75b1b9a0cd1902b5deb67ddf5058ac28a541a7f88bb5a60f90a124424fc117d69a5e7fbfb762b78c0
FPLS441,29473dafefd0482591e937d4b0cedaaa918299da3bc74035a1972e88b5d921504c9cf171c039a1f12b83bdbeb7c6d50e
FPLS440,2da311cd73af7b814bc85baf8370a050dfcfc1caaba417977f68b8f48dec0820ab78b2db09521eb45b596a4a019cc0a3
FPLS438,5436b7c9552d753a362473afde03b2659f36f8ba1deaed67fd9a5363178f9185c1aecf4e7d87ac2909d91b454063cabf
FPLS437,a75bd7d36a277290b07a8c470640fb6441f5727a8dc633099f3442b17eed7956b3d875ac0e505875c2872a3331763465
FPLS436,f10c24e33e499a6e3a8b443e3e371aad7468909800df094844277e5c12c74d1e3989f69c32f052b85f4a9f5206a9f9d1
FPLS435,4cd7908bf76c11c24cc02444193e56f971a6baa42559fbcfd5239ce3a327e1b439a2a1b10007b82219ebb85fabe89332
FPLS434,2b2b2e79972a1d11931038389f5853b417dc6808e35a1240a2901fe15a7313f31b8c535759de8bdc36b2b385791d16a5
FPLS420,3ca7e1f115099ef3b3c0b7a77af17e5b9e7853b95e5ce628e94d0e593ff6c2f9819b6054e60ff8d2596cdb7579170a7f
FPLS419,0a3d775a444785e927099537a621a499a23e6ed7105e583d6aa57c521951380e94625137ec61a75306f9e8eefcd95776
FPLS433,7d80c056b019aaba7ec72919070fc0289d6abb566d4d6a0d1cf3708020fc57d5bc0a03d3bd3962ea63b932cc190b5a1d
FPLS432,b726483ed25a7ac9ff0b90a47d0d425b363a703a9a90e6660e56c5cd76d765c7366baad18ffa2a08b8ce20b6e31b4e9f
FPLS431,9ecb0b772348d63e0ea61488c26f48b4383f4bb9d3661a1931bdccf3b4165eac3d5c9598c48e5364b2a09d552b2afc1a
FPLS430,c8f3b9b12ed72379e4d2bdbe193d512e381676c4d6f97d59fdc4fa6f3370d6752d9ca300efd2d6cc659646ebff883471
FPLS429,3ee29d30fafee5ae8333e4ad431ec6da7b3202b0f75a6d991ea6fb1700b6d78c0151f01d30a01ac0618893eb679baec8
FPLS428,a340914696f90370a6eff15d0fd552e65b81bc530a276c2784915aa5f59aeff207b5490b770df55ef84ef47ac64e68a9
FPLS427,a0a415d31633de6e1ff51b7fed75231fc7a35ae82740bb65732df826cfcb890e5b1f47173586fad8c24b50cd75ad5821
FPLS426,d7cef8b701d9dac64d298da29f7bc1ade69d0933d043f0f2661293a800a4aade8e26ece7fb444fd795e9462519821696
FPLS425,9a69699c13ad31ba2283c6aad09f848f547c4f263d43e5621a9341250d684ddd0501faeeb32704c1a4602565f614d00e
FPLS424,d13c28ed270ed1459d5f8cbdddd295a00f3ceeada2fcdfde9f25fa3512721c3e01a5e5c9ab3ee807311a2affbf6db75e
FPLS423,986ed4ca3989225a5c50bc02ba09782cd3abee31f2d3cb134650416ec3f50e15ec5c8782ef136f186bada2d13963103c
FPLS422,90394a034bf28718e11ae7bfbb44344cad98c1ba17967c5e6bbd2e609b8f9e5d5b7912f3d56a68f9b49d0632203a55bd
FPLS421,c59c215ba45913b03e592485777da7a650fea19a6f3d3108d4de7e0e15dd1ce0761577eb2a39a445a9f729bb7ea3c00d
FPLS418,f353d315612c1d14f5eba2bf9d244a789a7f5b874a8ed5aa10a60bcf06d9e0c653a09c4a85af0ce7fde9f657e781989c
FPLS417,0c68daebecdab1d2b724ddd8fae3affc9f2401faca127b83ca448a78a112ea45a37f09d63f0dbf412c442c7e7c7e54d0
FPLS416,e71b1c513d064af7eb0ebee4668b656fb1af41a8157d44c671686c71caaeee93f5f316f4d27eadbb4e27cf5884fbea35
FPLS415,106b74fd352d317f8b39ce49f6411fdc7904e6dfb157cc48218bd1699445d736e2ac01e19efbcaf90bafdd37e47470f4
FPLS414,e927d724c0e63505916365c73ba922b4329ce88e16e32067b533dfdefa80e93f41a15ce9a33005d5c1ffde7dff4d74c6
FPLS413,2e0bf737788e9d9ce4a7278190ba2a9e5fac507f2ee26ae2e311699700fd9ffa179f669488e4417543ba415876110f5a
FPSE338,5fac96f13028ab5b6e05a6c129ca6e6dc5266b691788cde4791cd474339cbe0a4e32fcaa946108c950d41b423d0d3f82
FPSE337,45eb1cdd62fb3a0a8829394cbaf6a83a23affe65675c619ef21ea4ee6a7dcdc81c41fdc6bbaa3ee75584c303d4e820f3
FPSE336,8ba0082521c4f4691a064bcc0fe91f3c5d16521319ecdbada923bd4db112db268a24125b8f286a8dea6d5f8743a8cf3c
FPSE335,9952f934871ecf788768d2e02cb4c11989dfd0af18bae1c07b941df0d8f73db802476f192cb6cb14143c71d22b5f12f9
FPSE334,41c9a71b9d51ba1e81dee5fda229036e351533be92aa4502a9a0521de88262c2f8ff54195e629a6eb2469bc22f1c7fdd
FPSE333,810dab1bf144104359e71baf68367e6650e00f50acbce19764858b086a41772d32e1a5fc406aaee3a1dc33ca4e31eb5d
FPSE332,923e6993d52e547c43323c502147228393fbd13c3dfe11b4d51202ebfac3229a181c30029b2d994510b6eb70343e0dc7
FPSE331,3efb4afe9317c376474bb906a6bafcabb7d22f5a6eb2bda4ef5270aa5c260f95028fe724cfef172dcdb5306dbfe70068
FPSE330,242a8b0a34df59aadd0389b0ec34b86149d21120c3b549102f1508423876a688a0465ae0dc47c95c8d33c89513428e32
FPSE329,63d014704796d67d395c475cc43a35aa6e033114e9031a8a5bc6e44de4f81ebdca6a1e9af5382a9bdec77e625fac376b
FPSE328,63f6cdf631d74274f167b6bf1c5e347789abbe1448a72c98dde88ea68a0bc2b10ba54eb651c27ee351332b8cc4f22bf8
FPSE327,3d5b4fd2c43f37f5e7c17ce7654c638ebf4af5c6607d34d80d048b6b4896dadd6b3a32ae2667f0fa63412300240fbd80
FPSE326,5606b065283af127047198c7302b521d7e6b0b8a7cfed90700b0cce59ae20232264936c8db51edfe362ba7f09b24a294
FPSE290,0fab78ea9575c022b3b1f26ae998ebe081e4d01b7eb98967c812d52d40b60d406ef5e7fce38328bb64919bb6459ab97d
FPSE325,b9ae29d065328ed2f36d2c9a3ea88767806168e535fd68934057bf440d9cf38e723424ea478eca53473428cb157a7ffd
FPSE324,3ddd321e9939a86ca277569f0972c4fb4dc601a14c87b786bc9017bbe1ceb2b54bdbfecae6f4daa2854d9b7b1693006a
FPSE323,6b91aa2affa459f58a9b196396156504064d3911f5767b45821f68bd83892a34e36ce948c89e1938a464f459735fa80d
FPSE322,c3e8a057fced321bac59b8b6cb40394cf0601fb71c26f010e175f33e197fc3239c592c9d22890e334fdea9b854515650
FPSE321,412bc99362476e38455bc6df438e33b1dffd4c35aebda938a325f1e53bb5ac003fbc679cffe79f70818770a148bbb944
FPSE320,4a13f8b46c9cbd5f61090f0b5ecfe178eb4816577cf0daed3bb6a1daaf906cbed66fffba73c66fe7c2042b0aa88369c6
FPSE319,c8ba6c4b84bdadd2b1926e4d3718807ae63da3a01810e0d117843b73680df578221b1a5b7c9d34bb97854846ff960e60
FPSE318,0f878de3ed8967f0a30b8add282e60176d54775f6595c9d272852d2bad4d55e3b34d5e6ef0c1cffef62884634f7d102b
FPSE317,a7852bec9d02e54a8d4295087eebe604fbbe75ca943c4e2201fa66f13a668004bedf726fb2fd41665d491de842cceff3
FPSE316,44176c99b0edaae9eb889f6d185aff06acb60229c30f8f8f39080046e95b87ca5ca5f6d1662022b8bec4b01fd1980897
FPSE315,af8b7758436ff3365b0f039f7278233fe6b03851a29e3a8d905bbe86d2a27af5a861f38fe57ddf0a3fde48a3d0cb6981
FPSE314,29dac024a00eae1a23de0a42228a4c80b9b04ece6f7837b8361dfc944a519ab12a3e61ee4fec6c434611e08c6c4d3ffc
FPSE312,a590cea3deb24ee887a3747cbe969f6e571ba7eed29a3bad938b0aa04952b9e45c9913b1ef9ff68ad6bf52a67bc46630
SEDS500,aaab5504e885d32c1ad33075d41ac4290498a971d927e1c9ee9b2ce9a28540d49de1d3082e5941080c0bb720df8e25fc
SEDS499,699f164a1a0f403807a68665c32d41e64c550b26aeb2b62685f59ba45479b82f94f5283fc43ab0280746ad7e3320847a
SEDS498,33f65ad7828f571ef61b5a4eb0fc85d1262cb3681b99a9bba44610dfb3cb3e6db4a84ab2392645b133063e7761e94b72
SEDS489,ceff268fae3c5c8f690fdd8500039004ad3c4fae7f215d48f398bc6d8ce536ba5c4b96615d0b1cf92527eea76b26a679
SEDS497,50a2f6bb18f47dad7624aa26eb16c9bc37385c0dffc88958c8489df8e047358cce09a54d6770f55343a422ad09487edd
SEDS496,c939239ea569b897072ddac89081f7662373e678219cb5d43adf6163fbecd62bc6212b0d48c6c41e74f6066999045b3c
SEDS495,806189124c2001b726ceb046f7d49f1e2d98679392fe5b56682e2f722a07800892262e6e3e188e4d4d9c976a3113c602
SEDS494,611d1bea5eb02f29802517436b826837e726641e22080fc4f7287e892f553277e0aee1c796ef4b81320e67573fa322af
SEDS492,148139ab22cb94ed8652f65e4853f4f4e0d8fe8dae0cfae697523fbc91dd194d5c7a794c010099ab3e8224a7643ac0a3
SEDS491,de79eaccf4d69429de25b490e56021a31a762c16a8c3354f8b5ffead8e896c45981bf014dd58f53bcefb8a6618fc2678
SEDS490,aed808f4cbf3ecf97c7742e9eda91cb369176a8c43e97398c9fd5578ea329c5cc9da25b03c4bb92cf3b7d8c34d41ac2d
SEDS484,8cb4a5a7edb08f0a309bad91e5bb9780f7ba3f10402a6f3db4e939d6e168766655f23455b7ba1786c6312e9dc6beee08
SEDS487,24f34938266bb1597713c40667e9ece2387f4aecee33736dd217eda8212c04b522785c7a37065d37e4af0143bfea177e
SEDS486,e8733286adda03028612d41aaff60386fd0fef2e2d08cd11287d96bc8682f6c362bc403b65536e5e72e951af085b8c4b
SEDS485,7cb1899771be05f2b86d807e99af9be314fbde45a14ae61a630363bbb0eccc3032497b40ed6d7efa995b6450dc1b5493
SEDS483,2fee0ffc1b9e2e5aed0ece3e3c82513fe6279e81420e2d5940ed59c4e758011ce6093a457c60ec77a347b2bacf71ead1
SEDS482,a993ede34d57fa2f2464f26fca3889609d3f367357281d7ac556f0bd03fa7f1b35e9ea73caa8548ee548e43037f88338
SEDS481,9b1cc2c44588cf81bd63591a5e030db567bed81eeb4d0ee18569c032b843c37cb545b8fc22c133f815a797a349126b69
SEDS479,c2e699941918a098e6daf2d1fd6fffa4dfa3b3d831797291d5e9f62edde4d77436cf2d9bb2ea209426beb7b55d05f054
SEDS478,83bfea0cacbc50b8a2bcf496d9ae67ed7083f3a564e1c40995c63e8aef82d205f824603d4897ddf7c817ccbf4dbbd4fd
SEDS477,739b3673b5ad4e814e8f33e533c33d69c2311bb6472cf45a6ac397e884ba086d168701293e7b6e42e150f3adcb9db6a8
SEDS476,6d90f48809efc1ec59aa36b71cdccf4cfe1628640ddd16356400d8d6ddbfe714b0591c261aef2b0da1581b01c8418a19
SEDS475,8db3683e5597d169ec6b3c6f0eb05d8ff9d991004ca7ee1c9351875d149bd936d5b6d20c87abab3a080b8c6af8b1f14d
SEDS473,5ac3cb401cad4b6d998d1e25a29fb0e1f13f4f5a2f8bdc76d0bbf1592d6af1779fff35c30570b9d2fd64499a1e8c02d2
SEDS472,72d765ad8cf74ec4048ea2377bd6a95728fcfc04fc10d3ccdb665c9d9ab2b7b567c16e2d7c857eef1a2f33e4e5f374e3
SEDS471,1ffed29f942271ad7be7f00d298b1b6bf8429838a9128b6366529749cad23ab6764c473f60cae45fd9164cf92d15cac1
SEDS469,facb6415c50ad375585f275b4921f6d94957ea28a20a9066197bf75e03d637320c20268448bd0cf74b86ff767c446e7b
SEDS468,c84bd2dad89e9d3dbf01fdb1b429763d85c2d7a59afbc820285803c5404c80f81c41abdde6bc51557971ac6e9ac61387
SEDS463,bfa694a310aae2b0927dade921c54ce0a258a082f0cba4a8b4cef4f698646ee3327022546d4473ae89854de4b7426ed5
SEDS465,ffafbb271082652e177bae60a797f2a29c778d2427050500fc6c6432fba3d8014a841fb370f68e1db842a476fa4b2a16
SEDS464,31fc4172c1c292944aa950bc20bcf245d6f0df1dd4ad053e3713b4bd060224b932f34a293aa3428b4747950fd7c16be3
SEDS462,0d207ef1628c091f6228e2740175269ffcdc093f24ae16391a297f142a0bc6b73892d59e8cb06c4ea94affb5f8cde639
SEDS460,8f4320bd99e985d4c73114e02f9f43b656a6ae0fad496abd5b93e491b7920b89c886a46b597bc7766f3ef678b63af9cb
SEDS457,e3266eb18e3a87d06fc8775c9157fe491c62b6a9e2359de684e503e97e41a445570e20bc25e9f456402ccf3c488a4c95
SEDS456,438af0a7c2e13a12f088736e90d19330aae4b51d17027b0cec196dd5fe014ef0937f4ea280e6e56097eadc6fa019c925
FPSE311,bb7cfb4852b1d58a8d29139b6aa87917691d176b39d24340f069702ceae2f6288c251d25412ddbc17e4c995dcdcc7072
FPSE309,5ca417c0dab152329eeb33ee4d6c02e3f51e02bf6052305a75b4c4261b3e04aee3d2a1980451574ecce402e0374de35f
FPSE308,adafeb3bf7aa4d9cc65cccbf2b8c383d35ec7b5881bc07c129802494b5cb70731c0457945dde374ad946e6eae6d4a512
FPSE307,58fc9f2942416f8d990127b70c98bfd303e277c9bef5728de0c5cb1415d26a43f4c6ac5f8bc7173139dd679aca066a11
FPSE306,dcdf798937cf23992302ac41fbfe9e9d9f1e83daf7f61ef982f40a5225ddf1755546a0171815fa2376818b98943b526b
FPSE305,73aa5b4f1b2e1d63750ce32134a19a4fc723d4197ca6008a2c3c929305017e2635e3e1f5fbcef52c141708367445ff75
FPSE304,a9c0e488ea75f2072cde82551d1d4010bad7b55f7954c31033a2243210a68d2f9aeb9309c9f532b04ab468c1ceae8b2b
FPSE303,07cfbd255bcf1d9a16d8e66bba6254e509767a7caeba7113d4b36689d2695d8ef05f5df811e1af448c08398bc126ba35
FPSE302,14399c4ed274b2203f21155b1a0d4a3953d2942dad2e55f86ed657a13d7c6314b4fc1f32f0d07768319103e898773c85
FPSE301,8ebee473a240a1741dadc191ff05580c1697d7fd8a85337c148e979a9cc791100127e774bbb9e98a74794cf41c90276b
FPSE300,f4a682300e928d3d0ad5a8419edabe4a2f9de25f58f759d063734dbe4fb059ea8549c921a342f237ae5fe3f3eca5b9b1
FPSE299,e3dd315898a9bc0d9ac2d8566d256d3b79efb147299b104f9753379dff3dbfdeaedb2707e6fc454eabd8055c35cdc39a
FPSE298,d33986d0543cfba3a2301b837e39e1f369fe5588c995624be0682ce0a778f6fa5bd2448ff469914f0c263cb6b1fb8dea
FPSE297,a66d42c8dd59d9c35f5e0bc8449fe5cf426a61e0f7c7f87c0c0872f2750f4a2c4e6794f0969e021b38fb664e4c62d806
FPSE296,d93613549211d77d4814276f59102477a85b99240f23f17794a24a9d5792cb80e5f113a19b43b5a979ee25ba33731b28
FPSE295,706e577de9b5d465e4d1a42827a87b13dfe044e7c35c71c50a8d4c56859f04449fdfff671663c31384ec34d691bfd358
FPSE294,26209694717e670c7ab61e5bbddaaa48cc8c38d34b3ae8c6e349847d8d5b9bbc505bc5816bffa03dd6a482344c1954db
FPSE293,70c2aece5367230ef0b4144e09b16ba4420728155c810555ee5ac8fad75d9564ae365da4549a416241f4d0ebb874445c
FPSE292,7ba431c91cd9e803626a9d541d4573a994bf7ac1feaaef65e7ad59c936a9e11b44fb3a23a7f0d65061addc2b0e59ae63
FPSE291,debca589fb0caeaa31733db6b6b660852a3f630faa23391ddacc9fcad0196b5785128cbddc2674b62b7506cb5d352c66
FPLS412,8627f28d6b5944818a6bd97ce9549201f1651a508508180d09c9a83725fd9d93273601c98651863198deb7e2d9350a19
FPSE289,aa061b1b77cc5ece1651e31c580cd7662878ef14db2ad5d5c0a3d307be0eb9d1f8f5b3a8da4309604de51da332278535
FPSE288,ffbb7a3edd494dcca5536ec3500967bf85945ce6ef574252dd669990a22bf927776d35c1fc622171310c64eacf8d201e
FPSE287,5e0a2b6d0b6ea6644f2a6a0b000d27b22cbd7175051c1cefeea43bbdc430761093314f40fae6d736c1b8ff44fed9e823
FPSE286,d999cd7412093524abc7bb5e7f1328d824263bb9dc0acefc6e40cd6c84b6bc68294fe9c4af0802c9016c0b8d3f644704
FPSE285,345e21a5032d88c45e75373a4270332ed4c0992546e6a6a896f6a8a4e2a0a8a042c5a9d13c0a3b5bcd7d6498e64b5ef9
FPLS411,03973cecf0f0fa0ed49420aa11cbf93780d9afb1b477f04808fa102012da2838014277744b744d54a7ee8a257cd84f5f
FPLS410,6506003e157d0454e84930db6a96bda098d706a362535d2ee226ac8da72799d0c8beb608a0881eb9b814c57e46d72b2a
FPSE282,bdf2a4874ea0b0ea762fecf4ae4a2ff319894d95fbd32e4afc7bbfcfa7381dcc437888c9ebb19167acce35f3b37ad30f
FPSE281,aa8ff838fc94a6f48e4bb7de2b27e4099b818a223ba2048fc8828955ded21ed77d940a575528035a7d9d1b7f53dc2355
FPSE284,d765efc4eec1eb14834848a1f1d209f376b5c0e00d5529cdc039f47abcc2851135a5b76d5a9a298d04be8d50a4b773bf
FPSE283,08d4794874188bc1b399ab109a2970c1ea5937f31bc07691926d1a95c1db914288f4c66fcf7300642c7aa6252180298b
FPSE280,7714b3e64afe05e8a0adf79755a2b1f560c5df27f0977d8e2b28f9f87842e048f67449e0915f1682d9cc5dd5a45449c9
FPLS407,4349cd163385890e7a0b7106b9310426d5f2cfce6dafd5668bb2242f0f8f726ef687c8c1b25a52e32a39826c8e6ccb48
FPLS409,e842fa399489d067b657b94df54df80f56de7ad15e63736c47e092ff7182edf17aa3ff5a3f3c925de87dd42fd74586e2
FPLS408,d1c1e6e7c056e95d8fff6e7d795205d6f331b3a1fe7f8a5dd9ccc6b8a7c25825f37808926df077e2d30ef98fbbbec2dd
FPSE273,7781ed680fa4965374e9c7a08e9615d88e514a59b800a385999946b1f0abd70a33638097dc09c4b67a3fbb04a8919255
FPSE272,c4c18b8a8388c476c89f349b8ce9cbf785f58da3bf081e3231156237e734443ec347c1d52cf2ec7b0775536bafbfbf6b
FPSE271,eb367653f3a246162e486c29d7765ad28276870232147a854e2e79d22a85cd56710917cc24924047a7c62494b62b73a3
FPLS406,4476379c0243024bc7ce208a48aca4d958f411357df6b305f74be03d2d7579832c5cb837e9a5de4b3ce23bc77fb1f3ce
FPLS405,0f9e68eb469d56309994fdb7ecd6f53cfdb2da24f2e5e6d208099be363fe2d025eddb7e9e8f90e882002687c0cb50b24
FPLS403,ed08928b0a6833884cc6915cbc0c851e2433f715eb830da99efd622b8c8f409fa173f55b0040dc0431e308a363240f54
FPLS402,7366f91c301a34849018e8199414d590147437d855fb7a101fe1ebc6f8afbc586c8433c21c668c83076d31478cc7e5f9
FPLS404,f97be06b05fbe4e3dbfd4e4cb177e32129af414ff98e0bc5b22269923f95ed2aa0e78d2c21fc5125e09281e3dca98831
FPSE279,92a3104a89251747e22d62cfbd063a9363d87f0627fd5b9cde8264e15562f778212b1fbef4a780a109664b5e06ad1fdc
FPSE278,8a4763c305d74679cb4deb6ec02269060cf3c769a49ec7065919adffdd53d174f0009e0f7e5dd8c500c7e8742c90a24f
FPSE277,2a8632eb91f5f22712759dc85e9bf2fa1445343211d7ff2e575fe1149d541711074c95ce2c10b7f883f673e3c714e679
FPSE276,746dbdae7495c7f003eb328625a9cc8c2b01f6c07d6e34143cf26cb6acb445cc10f39d41a30ce8448cd632e311d067fb
FPSE275,70fe719098204f334ffccf8b1a2c305b362b491271a28444d393768ccfedc338dbb97e28ec8ed3919315c1247dc5c580
FPSE274,6870bb9f1a244fd618ee166699e664bea0b8446fb18b583d4bfad6703b34120725513416a7d21a3f7436b4a75002bb88
FPLS400,b3ca30469675bc6e76b0697904758fde5937839bfb428e6610583b14191178bf008ec0c65f4dd9de6c12fb858a0e53e3
FPLS399,ee2f80ffbe7040f076974779b2c51381f4aa05d98720615f62517ec5f88136db13d17e542c9f02c7cc9f8bb621150227
FPLS398,bcfa60d00cb7060275e9462a7f0477cfecf35676f6dc5c1615c98cbbe9e59cce093fc5943baed87a252e545c065e1784
FPSE270,75b047c5b25ceb60468a8478b9bb304502eb7ad71f4d98d4a5e9fb730b2e1230265d9aa96d061706cf1d3efa92a3bea6
FPLS401,a3b4ebc7e6aafe55eb124f7aa9d8e405102ed7887495635f023f68f3a033610fb1efd7de0c87c59b2596932594cff259
FPLS395,06d505a20c2f573006366edf7cbeae7d13700dc4d671621c22444a0ea027902c3294ac94f52e771e085bf1a0daf779ba
FPLS396,ec01aa4d3496f27b3d09183ae20c18923fd587b5bc9c6b87511d52652f9717296d7a21b515ce31bff24558763f0cd296
FPLS397,cda930ef9f42160d1efc34ec2a3dd4526343ce5a946d21eafb8c9016ff8df1edb0d856e13efdc61f12ce91765dfdc571
FPLS391,c7ce97a202b3134f00195f9ec02b30f1aee3be4c5c5973c123deedfea70a3a5c970b7ba4bf42a1d22d90d4bd5a735dd6
FPLS392,2f30d9ab995d93a4266e3d3a585fd5a1bfb152f4e815b5b1e443c0c4777c789542e2d3987b6ac229aeb6f316754d19b3
FPLS394,6c5f5430991f1d2e8b799b467645727b043673f430f3dc407a6a09fa272833b3a5a4e0aaa0168e3843057d94b64ee6d9
FPLS390,1ba8fc412c1b394652efb1c4f095db04494654c1e2a1efd7be48edea40b3cb122a6e8af12ae50106bf5e0d237445eb70
FPLS389,532b7f6e42c21e8c995b006f9f3dfc5a913fa5179e389d724807b10d26c346cd69177d917725e8bacfa9e1da4e3645e5
FPLS388,54599df6e1f997f712520ab8da5100ca1f66f8f98edbfb851f25bf155d0bcbe66b2924004edfefa683f09dc07b3e0c11
FPLS386,c399504c29f66216ae28f32ef0f991a28b06e7bf0a6b3ed32a766a05b0aa7ab9f4c35be742d7a4704a78462825ab030e
FPLS387,88acf8646a5f0a5d97cdc3a5dbfe4d86bf7c1f454691881e88e4747f7d8fe65acf021eed8dfed423c42474812f59bf18
FPSE269,812f4005ec670d338e96a87b9898b7c4f5c6e15c320145ee886bce3b21e68ff500b7875db617ad7666fa26d5b69a36c4
FPSE268,9a4fd6b2f863b9f1e8c4c0fff5972b916c895b773cb1e4dd0e7c6cacaded01f2f1b6f6873e4ddb2f46cee857ff36963c
FPSE267,06bd81a188d930f6ac2d645c4ae546e5565c1b6e36972cd4719b1fb0ec72510463118985125d6e5a31f0898b3a147396
FPSE266,bd2cfa6c377dd5bb5246b72a141c0ab0f1ddf1440a4d6a524760a890b39a6194f54c6a7c58289cde0987f99381e3e39c
FPSE265,e83aa6953eca7a4a49af9879f6c835774a312f8b0e82ce7c4f526ec8574bc7d708cf1ecc5d19daac789943bcd1345c1c
FPSE263,d38c5c109185e7b82a412856f6f38c13253114fdd8ffaa9b3d7b5382a1ef18b10c86ae7e512a0dad357b3517dd113735
FPSE262,aeeeffc764a3bb156d3829c89a0fa95aff05b9392232b42126cd295f4557450ca1b56d9087f0a2e8f12f2b67030b6de9
FPLS385,44b205bbfc04bd93114eb7cd4e5e4a81ee510c4c7f4ba24a548a91410dd95c0f1383543b51cd06df5c9880694e14f540
FPLS384,fd1d295ebfd8afc2cf8b8b3eea5c1755b372a002bc1dafb8cc11e007e9bc87895bf13c805f4c1e19b7e446a210653b6e
FPSE264,7fbe7713f8cf1eb335d9e223a7d72f6fc2c8b4083b1b5739498cf5db59a8b2b50042ee0545061b09347a62ff69ffa312
FPSE258,f6b5b77a59101c171359007dcc346fc070d8ee278046ad58f6c0cc88353de5d2c19a90ba18243ebae5bb88f69d67e7eb
FPLS383,7ccef544598683d86c3e911c6bcc2c1cad23ca313d93aafa4dc4183e1f7723189a1252d82343e5e6632aa1968bb3f450
FPSE257,4913f9f3025a2531dbcda568ff63dd06229a921f93f6e5f229e9bdca25639c02f89b0c188727b826865bba6b355d24a6
FPSE256,e9582143aad1743c8c3aaeae4742d418a0680086865d8e149cedf48c903210896311ec397314f6d89736ca797019e911
FPSE261,2a8f41eb4c5315ecae974a2a1b24e7db225dbb79ceba7549cbc21f54a47ead6309b2b073935f0eb9dc3a52e5befd8c96
FPLS382,8c5698040ed19222e012b9ee3350b475238a4a5aac6bc8acbcaea77e7416ccb5fa557d0660986984f8db66f6d2dbdff8
FPSE260,9ba2ff61c4f7b8b524e8e2bb441c6ccde104347294e144f4075e35868768710afefb947ba62084efb5e256ee1c36a470
FPSE259,7be17cfc75a6eafd9fd438660309bba7c671afaf1a1c3513106aefdca72df96646ebe80e059db6162020b53b0c1ea522
FPLS380,55a0200416800554e02370bd02d9e42828a037abca741c74809c5a46bc48284ab7acd90eb663c07f3c528c3898852d91
FPLS381,057d27be79daa465eed375530fa0074ce6100133b735fcdd3b4e79187851a626cd4c35065adbd1ac0a18cccc8ed21d43
FPLS376,9d1c7adcc4062aaaa4a4fb6c6699dd3eb43df181f61537ed301b94a723140e29ec6c6ae0dd402ea994f19ea9591869fc
FPLS377,e33887d66e8c29bbb4eda36a448a1d42da3c498f274c25ff72f860e53173fa674ecf9dfd00678a952b0d147ba8b30af6
FPLS375,e3d9ea7f9b51b5e57ae5bf98be92ce0fa707c2f381d0f14fdbc2d30bd8a3a30fc6216a1fd787c9605c2c4b7d55b6cda6
FPLS378,8bdc16b7e2b4dd349b25cc7ac78edc78258ddbf4038917746976304a932b2ee7c3f1baa61443c0505ea051f3cae7fd5f
FPSE255,f40837e6dd9eb23a1e7450d10f69192e8f1d3289474f938995d66c5d0d99e79e2a768ea7b9b6b38ea2a3fbc384eec6da
FPLS379,abed8934705fbc9faf0a2574ac9b668b631b9a2cd5d9dc6afac8c7a3b7596acec3dbad6a43a2d5618d1dfbabac9c02d7
FPLS374,89031b12ee293a18b435ef98c0cef8a42470af1de3b8d8e626f93a8a4a71082cb878a98943202d3d1895fa6c720406fa
FPLS373,8f6673028979293378098e1a625b219ce52f2a173e2201e4125758b8a9034f254b4a647af34a45848c0efb5e66ce9fde
FPSE254,c3d25ec2d222bf24e57cb73b1284893d95f05a68f7abbee73eb2ce3c8a173ba344d132c2a0634810dcb6f8511fb1d856
FPSE250,d7d90145242815e783e375223515679972450c96d58c5ef7256383fbf3be111bf08d0800c801a797e753bcf36bc9e40a
FPSE252,20a51e774656a1c6f09bf2eab3322ca21ba93b82a5f2282267cea34a8f3bcee316700776f5d777855f5a557b9bae19ef
FPSE253,63d4cf311676196aca2e244e8a8e20b93f17f84598e9354de0aff370975b0ca733806caaf7f72abd3897b0d3faabcb38
FPSE251,5a2b8056b35a758711ff376259764b132e75fb4eeef9040000a860b1e10340676ece831010cd87c61831aaf4fbfb15ed
FPSE239,f54618b9646c27628af6b8ca0770bfa429eae51a257a22ac247aa250997cc8e002591bbd5e530bce7fbd35ca9c411e13
FPLS370,b50c55aecf8be80379bc4befbda46746d70a75e1fdb56e07ad0a0e58e6f6abbe897bd1d84263a2592d8507258a7b4821
FPSE242,2e1540af6d3c9804ad3f84aff66eb9e939dbb182ee621c434b38f59765284a6a1e03c39f5584acce1f8b85378adf1389
FPSE241,4d657cc0f4adcce1325b45984ed67fb8537e4aacfcf6159e0315ca2e6aeb4a278c253f125eed2b6fbef439ef87c005de
FPLS371,5a706020834e8db2f1ff64d033b2787638f9d1859b98e6677fc90281c92adab371640f7947839bed6ff0039cafa5a762
FPSE243,00f7bacf12ea39f740fd9e686dd9d6240b5d9ada1b414df43fad721602c65437d344fe1c5671bf995696cfada919d68d
FPLS372,58d30287cd1c490382c459a0b5d9aa8d1e58492e00055fd77487ea5ee0d52642bf652890bd36a9b829c309b387237527
FPSE238,ac1909ce7ccd63131f7b33a0042364b5b8d40f6b2f85914ac1e2ae85acabf4e9b25f84c8338f731d22b9cab66ba728ec
FPLS368,b0d81efa5d507136467322f4544506e4a6141844854227ae3830f243c7ea2704696ad56f251a2727c0040ed88e5febfe
FPLS369,926149bafa195338dd8f5d3fcc80bedc2fd34caf2ad7ac5851aa85349a517c954c299edee4691d84bc04235d920bf8f1
FPSE240,8daae434350940dc63017248b9da9337b61b91f11e63dd8019d78aa1760ac416e26cbaca3ac972af6a77abb62e665eb2
FPSE249,56cb7b62c887ca1c983bba8548eebf712ddd1381c8ea77ba7cdf85cb57e337d7f3f9e759e9674c1ab78a7f899bf97ebd
FPSE248,ccbe743fb75c36f4d6ee90c7566aef110179da84006a741d00f39446dd43029063699f6942e2fe6063ab72ee9fde731b
FPLS366,747c2e30f61992986ed5f8b88230079be5d9fbc6a7e24a9088b5907086230b8403430479559523708537a712e7123617
FPSE247,284169e2a40f651cd89df160d8dbbb2d53278a0e01c48bd968a42f40b2faddbbac3fa26812aa6eb6ac4dd96ab4461764
FPLS367,5b2dcf67f63563963e5ba74bc87ab303679702480f72784eba7d368bc4a00be69f357a49139c0450bf3fd302b77823c0
FPSE246,16b344bb423b14bc7bb430fc9db2c44275f21290b3c04162bf0800cb28e4338a5caa356b2dfdc9e215da7a2fe8b8683d
FPSE245,bea5de55ad861e6a3dfb95a152cef4e05ef6340212bc62ff99995c68c0fb86e4715bd0220fb2bb36eed65609670c8f0e
FPSE244,e3c714d54b273a176302d5439307d4d3a9f9c31139575f97d7efb30e7c885f2f34e68d460f9cf762eb20143212a27aff
FPLS365,9cc0b85b337f766595531f994bd52201ff62802fc7e9c02c7975d9d3966a18e04f870756882ec5b03fa5dd29fab6248e
FPSE237,81c97653a072fa5958c4fb0f213ddfb9abcb64ed33750e6e652185d62a579aea613317083bc8961c792ec387f9d8882e
FPLS393,7476552016fb9e8e4a9552423c6e90a4ead567c8b96de2aed02a81a13e325bd5ae8eced7bad7d6d12c3194e2dc5beb88
SEDS455,a4a7ffcf63fb7cd0714acf61fe53c71dd942db32260b31b06b005b5de34dcba429a3edc6cdbdb1dcb60b66b90e8b7c29
FPSE223,754389b9eaeeb463f27cbd3157e2810b03fa4373d984de8a90002513bc8df153a02ee06e9c27b1fe173d50378794228f
FPSE224,26db6eb47be3c052ef8fc15afcb49725d08f2975c358db6e19816096b611e850231c563c2a8f182b47274624130cad7c
FPSE225,fe25c21bc8c93e1b89146ff5e21c1488f0731bb52d251096cd0723a5e62f1b8ed6a314f487db941b4ab0c36fb41a94fd
FPSE226,dc486b85d71f8ebcca14004d62cbbc71a1a630a40b2168da8fb19bee6dcfb585335b3e5d268c6b257ffc07b9851568e1
FPSE227,b54896c4a29105f82c29a0549f53bd132dd6b00584334a9db3c24e45304a04ace5f19d196d5a44e97e9d634e7d97aafd
FPSE228,9597d2d1e984bc75323147f5af6365655a828795ad617b8dfe12c22bc1db87390a7baa4aaa8777ec867aa2b454626fbd
FPSE229,fd046f1f79a682a08c4607f33b0a265769405a37f8ec6ecf848671dcd2d3b51e7ec9ce9cb79cd98b183c29c35572c839
FPSE230,667d5de717de49d37cc0f853f5e12ff4d208fd2c8db8f49146e81947b519714bdf2497d6c84bc9b57a838c67ce9ad6ca
FPSE231,191f690ebba4f8fc07a7a624dbaa963a9a153a795aba63f96ad1a65d4142e33b31620272aebfdd95ba4b1e71f317c89c
FPSE232,6ed5580c93f335e320eeb3d995ee9c01cfce3478c1a74de12e77de13072470f1201d6bed1cc1559def3a14351e100515
FPSE233,905251466d5b7183460d4f0c2cdef8b6489512ac725b8f5ae0bbf1282f19aaaf418272578801bbc7df0196a609ace814
FPSE215,1bc23556443d764a45a9553b210b4c04d6e8378412f8a68a8d76fc8739e3ea98a39976c2a123b1441125267a6a66f12f
FPSE216,035f672e149fea282f0da3156ce1e3d866757dba03eab92caf80cc27592f7828c668d43db5775583180f0276804732b4
FPSE217,b5fbd5a8d0220610e04993142ff468460ab8d05889a63f0f8fab61b5d81febbce0386229554d74ddaf3306a2ce4b9012
FPSE218,1ef58f2b2188b60f3ada4d15ef9a2682c37b4a712ebb2bec7f22b28c6f3729460bfef9e3216e35560d76cebd7940fdbc
FPSE219,e7c897afa76017e592ab40bd75fcafacb13d7c0092c23e8bc55b81e33e97c0722b19fee43d57436af7c77458f1547435
FPSE220,ac3042931313db24e5181e7003e3cbf5f9a301e12bacc7e422c8da0ae5d972b40e91751bc70383280f5419c75684dc2e
FPSE221,6b982f7e28f5e7702c7ed0bc0c0a10cf8f61e16dc23095da0ea22bca2053610f3c81ccf980ccbfc382877097044258f8
FPSE222,788d59fa2202078f51190ca607ec96bd782e20ff25c6dbbd1572928fcf2bf04d94960b09bca6f6b9be88a974dd9198c8
FPLS358,351f8e8c3f9820a924b27f52a008ae20d6c71d2e94fb6fec68b71f5ee4bab66d30ddba3bf8789c595164d4648e356433
FPLS359,63498b9a2a181b9e5fd1c7a774d9f346b28ad499f5bcb58f5d64287ef9ac88fa3d34219c2fa8ffef483b54ebec15cab0
FPLS360,f9cc57dfbfe12606483d0ee0dc21a3d9059dbbc799ecaffa047d7163322c6b8612b7f054a18a52231f33f842888850a6
FPLS361,a8c85ac99473d48a33718582fe04fb844979c848947ff396513fe146826f0e1babf7093073d77da2886404304e0f95bf
FPLS362,2bad3e3048864df19b090dda654320fb202525a4be7888bfe338938d4cd24743df658db2e2060e68e295d257689b20e3
FPLS363,c10ca1d5ab6fd76b5ec14aa2d02ae09f0266e420045d87f43f522b334bccebb45da3ec722e8279701ba271d29bb8559c
FPLS364,2b97839db574c90958a02873576a35c1163dc7b2bba375d41cc2f6762d84d30ca434c3a9e493f989933a771987004635
FPLS352,76d59b64fadca6293b1fc23dcf618910e89d22ac5a0e4be63ae3ecb680b3d4e7d063fcc112d9a8e07a086023346cca0f
FPLS353,4a9ba67713a64c98482f2ccf5a228e678d68e6311cb7b8852e176c67d822e1d6c81aa06baee02e0c6d6690146f9d1e9a
FPLS354,3be19f23b249f2d7722c5aed493dbff8ceea59895a6b79548fe09e2cccba5b2f204048f133cd7c7525214a1f2cb6b961
FPLS355,63c2470d65aafaa9c14bf7bafea326988255f640ca51a2f4e7456d31f2ba18416c40f9e8285f3f9b2cf1df6ba9735e5a
FPLS356,ec994d7a29dd2861d57e3d95147d17373cde4b98896dc1c745485a01e79e509fe4db10a981e02f81d59d0f707a5c0c16
FPLS357,4c56f516fe13deb1610cf7a5642d4499b538526ea97bd3ad80e0351f97b59ab413610648ff5cefe9e0e583b93ac206c7
FPLS345,38c8dd1389571f7665268e14a4d43ed16ec24a71dd1b9ac3f6c0f7cb457d2586ec20b2c5f8705eadcdb6e53822ad685c
FPLS346,17b77b3560d20af5db1da78c21a5c0e69bbacfb6ae1a8fec5abc8fce5221261e0949a31595c744ba2473e0deda4397a9
FPLS347,88c7319634f39280e3dfa3573aad0c0ec605d4ed0023af52f5e47b68fc7213568c5adde7c89b4f6f90870925186a2a68
FPLS348,c03e1b077e52337119ac360885717e5e7aa1a6222f16a5b8c5843a5ac4100ac2498d3a4f416cd071caf4bce5526f47e9
FPLS349,512cba4a76599c858c298d227d2f6d7c49669d6fbbd3149c882ec8f152061f1e518c3d08cc6f13afc34ba7f7746e0d7c
FPLS350,2836872606f757e5feeddea8a3aca66e8ee32d962568d1befabbf6d749946cd20de21fc64b37bceb788d91e606975695
FPLS351,f43b11eeacb8ddba99b7934ea6285a22ad8711891c866d95c4622f6df7fd1418eafcdafe4c1e43882f1e85a09f47234a
FPSE236,e7beea4f733eb465bee3dfde7360fb62122221e17dc6956a1f4ff0d9f3bdf7524c0f78edc85c24663a3c08fcc1f26de3
FPLS340,79fb4ebb10b1eb5f12b6880ce8955ac1315db05853c505fb0723b1d5f8eca0c538c60e8f481907a08586d17ac1c8f656
FPLS341,db250a5bd51eb963e1e5627a3acfe512af41177bcbfd9854f0cb8c86080c7c4b9949d724e20621e10109d178d7f67565
FPLS342,84fd6360e75fd8b524d8c5029b4801bbc40022d94b1ea060b1edf7cc1f22b917448b5b7a9c3d9d122e3aedf6f1ed33a9
FPLS343,0245ab25457a09208ea2b0cd85278d2573cdb75f16d2c7b91660fc7336613615b3b73cc79537bce2be61e40527d9a529
FPLS344,1ced732c2b73ce254950b7edea474ecc14305354ed0e3a778f14ad83508b6871faa48f3723f1b157a93a92e3050d4677
FPSE234,d6567749701a3016964b81d8ae38832e80a3a706d698f111f6cd7138d6bbf7b13254d3aabd4b21399860eac1ea9af1bd
FPSE235,fb3da010e21c344a81944bfae03b7d48edc435d385c780cb533f3fcc7bd93fdcaecdf6e3d3cafbbb6ceb0e1f25861d00
SEDS454,bbc47b8c82635a55a340dfb226f3946bd656cab53f690f91d6809e1b5b453d9a6c26781032f406ae55a46ee941415fa9
SEDS453,65774e6614305336315125b3b0d61aef04af08d1de94bb7f0ceb22da5eeec98035700d6704b15ad94f3fae9d9148f262
SEDS441,1befcb155c5d1b0a94f198bc0106771949088817a77116ca5d7bd0da9042c93c84582af14076db6c08ebf4897179bdd4
SEDS442,433e358f541b7dcc5b27503b3efd24c0387a77ddf0c926455f7a7482a410b907a8fbba7b14789d33b224b4756972e5eb
SEDS443,766759a8ef2a5ce2916b90427b6485ccce8b48ca0ac33df5181a02a71d4b91ea17a6564751127c6e162f0ecac37eebba
SEDS444,1e7f7c5c424f0e7203223b31b59f41bb1f058ba61b686d451ea274f6451bd40a7cc6decb117ecd4bc1db231719e2a8ab
SEDS445,c55da5065490f9f49b1e8a71f25089334cc99490e0d4a39a168f95fab7d250066b6954efa88c5789b6115e26c22f9780
SEDS446,cae5caee79011f6946503a1360637b62364b8ce91d8211f8d9dcfa606e599196811173853c9a3a5f6a1dc75d333e601d
SEDS447,f67c55c4e0882d732c7859bc2060c1b0e178a74e5bcf4609864f6d74cbb9cc27a27688d1f1419bb971e5dc0f6316338c
SEDS448,ef52637702c4d59919a4ce8cc91aaea04c76aaa64f9d1e0b80cb44f827b7b52320a6c3d6259bbaa0b1a36fbb7c3df992
SEDS449,d9b7ab41baa6c5399ccc792da3008bfb537a7842d53ce4f47ad0bd777ed2bd671bc2a76370a98c24a6f566179ab75f35
SEDS450,8cacd926e239c9f0995fa0eee3161898937508529f7093a39002d444694069237623bdf9ed55fe95f1fdccfa9ac21fbd
SEDS451,de1184bd88c10d776af3fcb6bb98990028293f4c414d516b4f9c0d18086379155705bd292cda4e31c766e64d2c8c9058
SEDS452,f1acf76b12442b6e0a716a3a3544afea076b14ac43c82e66507a2df99284cda36c6bb0683edbfb0eb698b875ff65ece1
SEDS437,dc212f07b50b01f0e545cb88b9f688d23532184091003c5a18e4ffbe3fb7176de33d72aa2bccb26c53ab6cad2131fc15
SEDS438,ce81db8b32187d28b1e8ceb4ea15a6cb6f75675231c7fa204cb3a23a0935d3f48f5990b14662400239735e73321659bb
SEDS439,9d0ef450870cd23028a17192a5a5b2bf43fa6ac10fb5b786bac529bb90b7248e221d006f2d308d383bfe8bb3a9f86496
SEDS440,e4679b9ae384dfabd43e2e63fe3beb0d58bee5d8ce94e0f3b42e4238e32bfeba5da93cb114dd443f7ed3eb68a08f72dc
SEDS435,9fa24dfca9a51d2febd9cdcf232fc1abbeb3fbb6d8054d251a909c9f553f9655959c53c3fb5d001407922bf8848e8157
SEDS426,982615f719bf3770366638c36c04c122afdc8b95f6dd6f9ea8e90e987cc09d4f10b7cd3bd3602cd80831090c09961451
SEDS427,0bd551ed05002ca4b174a19315ddbf1e36cc53fbfbf40aa4a17caec60bb07fad6c3d2afd1df77b4f42e472216f5a2124
SEDS428,a92403ee8a29bbc48ff03f0879540c3f749f07baf80a309d850da92c3b9901351937441ea960e5edffd51ac99ca44735
SEDS429,08179520f658322b7d78fc866c5e7eecd7c27b2c0b8d2dae70357b6f5eb1baa3d4bb42ba5762d1e43de0b0f2246575e0
SEDS431,2df150aa38c5d55e91d026190fcd72c562150d34ffca316578fed0b231462461cbb6fc188aeb3345bba8d53245b3e3a5
SEDS432,66877f2ed40b5c7833274cfd40dd3f2d1d74bfcae1ac9381620a107491fbc8af4181baa7b7fbcfb8821ed77762339507
SEDS433,5c8b6ae3a8cad47bf28ca25fbf61fce8599f431fe4cf29ed7255909edb26cd0b2d0ad9325b691a42e0e3cfaa349267db
SEDS423,acebc64c4b571ec03df11da8bf289d615fdeb9bfb701ec790859598098da4f5570fbc9efc3d61d4b4f63f74e9042695e
SEDS424,c2735d2fcfdef4a85073e1bb71ea5c44e5ceb962b7bd042465df9fde9639a2ce92a71355c26e4560fc34c76ea1936eb4
SEDS425,e2825fb3b211b46a32503eaac2ebe3df0c8607dd2afc5e9f14a41a6f6077a2c2caa1ed692e3442a6c4a3b230dfb54860
SEDS418,ee7823cc8970b311ed9bb684b2f5d649740aa095533eec6dfc3bec2208ae6786d95c6814e8fba0127e52855ddae438ab
SEDS419,f030330b242e8397389e01b37dee2dbf0f87294dd59c7bd03c6f89ca2959cb2caccfe603e1147b735ee3665e00e29ce9
SEDS421,567e2536988ab23126d60e13b702d349e656899a55fa9235b71012678d541185fe9c7385a4260a3eccb1c8bd903f4a75
SEDS422,a687220410c61d38ee64c9ab78439dfe8d81cb6ba965fa1e4ea4a77a64860e9f7dff9787a177e4c5e4eaf666a9fdc2a1
SEDS413,5ca3bb85e5586a60a3c1209a14431ed1be52379d1064257500ca4306c177aa20acd1d27fcb54c19bdd4572687a57a290
SEDS414,b828c300ff8eccd6f189a065c6b912cbaf26840733e108b82bec2cf665388f1bbe78334147aa00995e76bac53dd23ca4
SEDS415,6b4f7267f52de9bf67e5491a99ea176e8929b467115c4479713e6ef1bf23918ebe0b61e0569517355417cf34dfc9af5c
SEDS416,0b815bafcb005c27b38ecd50a7439edaab7bd62706de4a9f663a49d865be6e0943f23c056275a306aee8df23f5c767db
SEDS408,b836a8a8f3be96cc5e6ced4286589b134b7825a1e1e81823cacd1512ade772004619bb63e4e84e94b477a83dfd666370
SEDS409,111a9eb9cd8fadfe804604becfebf173ef45f023fc59989fe1e1513614637ef2d678488d39e5ef0d4d1bd7dac232acf3
SEDS410,f48b052ff676fad0253051a4f9f5a7cf89900d0c69cb41ba209efd4d317ad8b67ced92820d02083a23e488c45143bd6c
SEDS411,3ddf2bdf46ca3f0bff4272269001cc7d982a2e923daff27ee978ca4de48fbefd307637960acd15dfdecb39ecff16dd33
SEDS405,afde1fd0a54b98a34c7dddd92f131b230786355a4970de575537ec6e7372ab3197e0a664a752f83d0d0413d8d0d79e49
SEDS404,15585e1adb940037afed1024faa63c714de669d9f1150c834bbc9ece678d0d827da9ac72505c0f44675eb962f5054521
SEDS403,d976f37bb914450e7eeab9337679a0ffd9ab1873b32f041d3af2cd9de9c1e69daf55c6e58b240ee92aa4c629df6f3eb3
SEDS395,c351d2a773a32befad374a01b3c49f709760b87474d0c4ac80f8fe0ecab298fb0ae43b21cd4c1c1387fb42409c2dcc5d
SEDS396,99e52950dd0fbb3650fd1091aaa9d7b9117833fdda0803f2b377edfd7d40dd2129d22528ca6ef3b8a792211c774ce9f2
SEDS397,9809999e0cbea5b3e9743d99b205e19d20f3298047a3844fded2ee29de08c219ffa46636a956d4aa4c92a6573a7d113b
SEDS398,f027483dfef28b258e157e9a5dbf19a938445867e59efd12900380197a459cc4e9b0ee9b6a9d95d65e7ff6750c131138
SEDS399,5db5dc43509975736df2cfb2b5ec70a519c334174db8a0b889ec38a65eeaac9ffb0157e5a617a63841295466ef6a9ccd
SEDS400,f7df2eab52eab5732c9f089bfa28c2b970651457ee0d89333c2881feaad9d9a86d8cb74dbdfb1cfa04da0fee17540e28
SEDS401,ef7dc3f0af77407a817cffaf608523c6c5317e03fb86e73c31f540e62e5792564301aa79642b28ba4968ab3821b86362
SEDS402,92c09f7f2da8067569814e77f3aee890a56ee23cc266dc5e281e4df7e6d2628f3b95fae0cffaf9c81a842ee84450f651
SEDS393,7784416164e0953a197225ee96e59c5520e1aaef24af78e2282e8c357806a03b3e84440657ca40765e7b922a32088cd1
SEDS394,0fa9e57b3c9cc41c6a4344883e03fb1fc279107592b45e214ad6fac14500fbf2832b6b934084ac9370975b1bd29d15f5
SEDS391,fdc0e4154a2c7b12598c90b9334dca0d6f76fb0ee984e4e729569f715a508833400cb4cd9e8ae367290d900c4b32e4ca
SEDS387,b8d0468bef0d197a903d93b37db1260279a3f933e69be89a7d2c3900c9eac5a2a650cc039635d0024d709183732fd4d5
SEDS388,1ec3f9bbe14ddc055cba6739d027642f237e6b16daf63716cfc6408a67ee2f4215f14708b61aa912dbd48b5e4db6fc72
SEDS389,accb211e062369c73553184fcd4b8ff37b7d3a29648a4ea13485d5cc76147da969ec8490ed6661072902fc2b1bbccb3a
SEDS380,052903c52c98c7e5bf8339eeb225e6bacb5f08721029a089434f8f6bff2f18fd19a12b8712ec67ae3742dcb6616d3699
SEDS381,a0c6a7ecacdcea87a3b2f677d172324a3c4295ee2674e66f66d3330c36af482fa74e393cb0534a3014e6de4d85236c1a
SEDS384,01834d8b34e7d9cd42b3287d719aa7ef2036f715d5ac33eb9eacdb51ee17d1a6c83a20e030b12d8b4a7bd3243d0c9b65
SEDS385,60fa10be72734870f0788b95a279279226666358c4d7a2bb259463a10a66e36e0a2d4f2fd02228b2eff99b30e95d67a8
SEDS386,0cc5c85d84f83571bed8702ea36bfac283305e42ef6d79da929a66db21d74b46fb53759ec39397fc9d1bd437b4696938
SEDS376,b541c3852d6382963d39d25702f440de08e908e53a7848e1fad6f8fa34c741a3d82f00ffa7c21015eb429a1d326fcb43
SEDS377,3e90df63491d09afaee5e6d3df04f37be8ec3008afa7612b198aa420b2c2a1005a439dc86046411fb6a063e85d329632
SEDS378,c3ce5ae3756e2add5b404a6f2a2c75e4f8aade16909bf5865ad7a4e93c982f6b4db9890e0b20b4676a3993cf2fac5052
SEDS379,6b5fdf0bf5fcf4aa001ac3746758307c107dcbb2cd52162bbc1b11489eb3f48e511492fc99b175f3c180b2eef2cec1b0
SEDS366,5e330fd5b67b78b2770a20312ba534ac5cea3efd6ad5207c7468a9067fcae7364b5a4741051fe4cad244e6ea3f6d0d38
SEDS367,7fbe9d54132b5f5d10547fe042982ea471c30b3619ff5620997c311f050fe63938edbe5b56af0111d0f0a208865111a9
SEDS368,39312a0f62ee80986642ca8dab0d6eb39e5833d11bd96ed29c4480ffa295372e5d90258f17199f611c96c0dcacc0deaf
SEDS369,5d118c36d19c5028d83d49620fee20abc453e409a49eb77cc02413aedf8019ab5b3853b3a365348ecbdbca2961da6340
SEDS370,60ddca1419a025ee4de81177b3c8e86d7f43504c2ed772837247dc869e7c592cf260f759b695fb55f9ddc369a805d868
SEDS371,53661c3262aa4f9b4b530ded08f73219a289213d82e0eefabd09776d19be87913979f47f7ed8e1346d8d733e751f5573
SEDS372,c314d87607f60a9e40a81091d540b754c33534ff94bdea80475ae9a4b961bbcc4b2bc57f4c5b1aeb436b4846053e839f
SEDS373,af0202f475431b46d7d734c75b0d416d952fba3f94c8112a12456b8f5907a72eaaf85dd085486ee4ef836d7064205c2e
SEDS374,ab8d3597010116c03eb1240692e53e0c1f17b47563c342f3cd098d6fe4ad7759c1bec7fd58d9173920a8fbea33c81730
SEDS361,476e777840d30ddeee5b0cc9e9817f7b728002a353cf188c611b769e62acd9d12f05220004b7a0625c01d0f5a37a3aaf
SEDS364,19c68119f89e35b6227a3921f33e743f907a3011b43992f3b1cfcdf910c0251bc10dbae1976086c0b9caaa87c6a2b691
SEDS365,2e61fa8331b16b6baab1cff48ad56081a558368778f04d34692464d295824fd0835d01f282d20c5f3b9790c1344a78b7
SEDS350,060c9ca354c0830f358521da8b4639ec4a506b0016e5fc74a695f2f9112fd5e6900824b5165d3949ddc49f339cd95c9b
SEDS351,e3c7561169bc2a03e8b418d8eb8463b285b4c2ff10a9ea6f5edaca3bd5639b8436684a51a22b25f9c5aa5749c64d8f50
SEDS352,1fbcf10c8c7a7dfc901a14b6cf8eaa1462bdadb4d95495ff5038c633fd59143a31cd78d7ec6b1298f8f954da59d46f23
SEDS353,a7eb0a468494978ba26d3149a294acdab0ffb1b53b7f844ce714b25890c644d61a3e47a2b4cb8729f7e349f1617a7590
SEDS354,cfe8a63b8c48313d345a285c8ff467a37006cef3620a236bd0b2038ae78fe15a90a7fd9f3d82f102642cda1c353505ee
SEDS355,0e8f122467560a93f89d1ca1adaa323afe50a54b1173da9bde310b57d885666f767c865115932027a16ad537ff93e386
SEDS357,8e508f1d73121915b679420c44ee986207cb10e250650ba52a1c49e04324ddd16a391b5aa192f16d93e81bca9b23c6c0
SEDS358,9976e956527fde6372aee41aa3b4e0bb7d2cf1e334781c657d4ca09c11b56e9d10b5ede01a95fb3d6018084fff6e7c7b
SEDS360,b593df7bedee12f7ba04d4400fa3cc1139e3f906edc2d09f4c80017eba160079e90cbe009828435e14428ecb3eaceffe
SEDS345,55db0509cc59a7d7146dec5dec5d8d923bf59c96228fa64b61cdf5fd76cae450188decf9e1759a9fa18ac6d056353a96
SEDS346,4c4df6cb0c7af60cd7589eb1b0cf47efc3143b92933b0b180ddbc982abd3426a6f8ea141fb5713b7f16ff97373f7ae4a
SEDS347,a36a26743789cb44fef151acc61739007fd5aac4c2d308b8ec32b31f15d5b92c298a43df1b171b9d1b87056767d6062d
SEDS348,2dbd807c55248e20e1636bbb2074b87c399383123bf58b7309c9898bb3133092b0fbabe5dbd4c510ff027dc53f80ae30
SEDS349,b0c06988470b3bf43d3f1a57f599ae42856f2428c432d68a80ffc78eb406be913ec6b763ccde6c348f94fce27c6a7989
SEDS340,7b3066aebc844fab20fda0bcd4853f549a8afec35b1a990a023789c2b35ca1773929ff05f8a97d5f0637ed881bf237b0
SEDS341,776cf58a379e68d4e03f0c2eb6c8ddda938759f4afb7ee0c42ed5e154d343d5022272a7d52cd00ffcd7b99959435d042
SEDS342,8edfad1153f624bed846e9564d80e6c7176378a848ce7dc3e83d0de93a07eb26adbb060850568e7d6568402892090ea4
SEDS343,272dc98007cb81bfb7728d798c8cb314d7e110145d1710ebf0483f1408530ccffaa86f94fbfbaa72440999f87310809b
FPSE201,f50edae3ae24f96bf616945cc3a9f89d4f9f94cf23f9867904be57c54084c3e2ab7fa969294b95fd40fddea83557c97e
FPLS331,8164f362cdd10ff8203a0c73ad6bfb27c528969f84d7b0149dbf132cf534ab5991dd18d525e5fa791bef39df167eb71b
FPLS333,a1d95eeaba4ef0b65c7352ae5f38153c87721e39146a78c6eb6917b0ff256043f10f4cf3b67dd46f06de790065622bc6
FPSE200,a8c51b7624cc8e84f3feac497e0ee904c499df8e180fd62c4098dbe89a0f57a1fbf2faf9d3f5c57c1be239329e409c77
FPLS332,f19ae5ba4043be8e98062b8b9ff3ead1578c0605da1808312732860ac9eb64b64f0c8e2df44cf464b1a7df103736c271
FPSE199,a07079645c7542f8f018d4d0d6fdfe4d4a0d9835e1168b7f067e4ce5243b70a9f31e5fafd5a818062b9152fe0a5f1727
FPLS335,eab8e385248803700b1056689e987297526022d22bd6612f45e5cf30a062691c762f64c235c3cb43218b0fac87756f31
FPLS334,2fa27898f54f763c064564831afb6442fe13ca6564dccb67eabb8f20f53129f594f9bb6a738758773548f92f50a145ca
FPSE205,b738b2c5b88ac0ec0fab822b3c8b31a23d5e818fe7d58ab9837081622e64115a2c9058b36002179ab62dae110c764602
FPSE202,e4ebfb238a0245d4214fb9581cd6429082f82b3980734b0d31eb68b3b83a937c3e93fc3bb6cb8ee651d9a9832c5f29e7
FPLS336,891a89873861b4ddd8d1139911393a85088c43f63b14b227d485c4c55791801e9c13f6b489b866a46d69886999d735da
FPSE203,c401f29eba093e4a712ecbe35372930ec88f8595a2755454230ca95f42fa42355518325cbf4e0abf2ccce652f91f4cbd
FPSE206,73514d5a763235996ed75c3665924812c6e56c020c62a9592f838fecb41f8075d84e1bba86c34ac0e5998b2fa79d0ae2
FPSE207,0017dc44c414cae3f26b9d689b751cb1761fd13a53283adfe22299a5c594175470665bd747220a071c2840ca42e3a624
FPSE204,ca573f834c3125faae951ff13d58edd595b48f7a286c86327d7b27bb4b88f99b8b35c7edcbfb69d332829e295e6a956c
FPSE209,916ad07905410e051a0fbd7a81feb24e513bcf528f69e72896af80ea56f24e4e0500896b325bc8190c4ba94103d79f70
FPSE208,30fa9f2c108232daba927407abf0bb7a2385aa58f5c5a7d4fa32feb8346ae0026b904c3e35bd075c8cf59cbaf160821a
FPSE212,35622443fc64f4eb748d431f5c4b457cb2dd88ea28e3c725200d27ebb406bd3f514d9247d4cd7664e0b535fcb1d83176
FPSE211,2f3ce3bb8ad29c3aa116b519c27ff69107befa4171109a7347052d51d1f699cd244762aeb35ca5f706d36f7c69729be2
FPSE210,d2be33580e7d54e125eff51eced677c2d85a7209393e3adb9542a0d13896a23ccde166bc83707397e7c410bb259764ee
FPLS337,393fa88972a12a2d02c6041584d6568bb0df6cf2461de6d33e535d22350b9984d121b05dd90f2948a5f60ac24d21760c
FPSE213,867683c519190cd15826ee3aea77db4b26c7edaeec29d68462476cd9a7017386f55638eee105d483c172407bec5fe6ba
FPSE214,296c20099bb10bbaec9a0dcb5c1a36cae031ab772e5e2108010e7ddda49577f23df7e3af2588c442f550fb27bf20038e
FPLS339,e61e748cd312bc6d8f3afc9bc47a9c41937791e0cde8b509aae7f5a81b75a04db034128c163978ab8452998121549940
FPLS338,2c5462376cd2ef1f0ca3222b912b0528f3f6081e55715692adf3f1c8f53f74439d5ee28d3c30aad6d6cf7ab6f7f6dd79
